CustomerID,Age,Tenure,Balance,NumOfProducts,IsActiveMember,EstimatedSalary,Churn,Gender_Female,Gender_Male,HasCrCard_0.0,HasCrCard_1.0
CUST0001,56.0,4.0,0.0,4.0,0,40282.42,1,0,1,1,0
CUST0002,28.0,8.0,67408.01,4.0,1,27333.51,0,1,0,1,0
CUST0003,47.0,6.0,1154.97,1.0,1,99514.91,1,1,0,1,0
CUST0004,42.0,1.0,0.0,2.0,1,146588.22,0,0,1,0,1
CUST0005,64.0,3.0,77109.94,4.0,0,131792.25,0,0,1,1,0
CUST0006,26.0,7.0,0.0,4.0,1,70104.15,1,0,1,0,1
CUST0007,19.0,4.0,48964.07,3.0,0,128315.34,1,0,1,0,1
CUST0008,34.0,4.0,37264.98,2.0,1,47032.42,0,0,1,0,1
CUST0009,46.0,2.0,155251.43,2.0,1,97727.0,0,1,0,0,1
CUST0010,25.0,7.0,104646.02,4.0,1,117151.61,0,0,1,1,0
CUST0011,41.0,10.0,193085.81,4.0,0,58515.56,1,1,0,1,0
CUST0012,42.0,7.0,0.0,4.0,1,21830.38,1,0,1,0,1
CUST0013,25.0,3.0,0.0,1.0,0,104640.01,0,0,1,0,1
CUST0014,26.0,8.0,0.0,4.0,0,106949.36,1,0,1,1,0
CUST0015,43.0,8.0,0.0,1.0,0,146322.57,1,0,1,1,0
CUST0016,22.0,10.0,47961.0,3.0,0,112386.18,1,0,1,1,0
CUST0017,30.0,3.0,0.0,1.0,0,86114.19,0,1,0,0,1
CUST0018,40.0,7.0,0.0,1.0,0,30007.39,1,0,1,0,1
CUST0019,39.0,2.0,125246.46,1.0,1,79349.49,0,1,0,1,0
CUST0020,37.0,10.0,0.0,3.0,0,55377.19,1,1,0,0,1
CUST0021,69.0,9.0,61651.47,4.0,0,83027.9,0,0,1,1,0
CUST0022,59.0,8.0,188639.03,4.0,1,111392.46,0,0,1,0,1
CUST0023,43.0,10.0,192527.01,3.0,0,59114.18,1,1,0,0,1
CUST0024,34.0,1.0,195346.38,2.0,0,64859.26,0,1,0,1,0
CUST0025,19.0,5.0,98401.1,2.0,0,107377.62,0,1,0,0,1
CUST0026,34.0,6.0,74188.84,2.0,1,89650.71,1,0,1,0,1
CUST0027,50.0,9.0,64835.23,4.0,0,96816.08,0,0,1,1,0
CUST0028,36.0,10.0,0.0,4.0,0,42667.64,1,1,0,0,1
CUST0029,56.0,2.0,0.0,4.0,0,47179.31,1,0,1,1,0
CUST0030,59.0,3.0,46481.45,2.0,0,87162.67,1,0,1,0,1
CUST0031,18.0,5.0,0.0,3.0,0,65397.24,0,1,0,1,0
CUST0032,20.0,4.0,177530.2,1.0,1,30938.2,1,0,1,0,1
CUST0033,55.0,8.0,0.0,7.875,0,106255.23,1,1,0,0,1
CUST0034,63.0,2.0,0.0,4.0,0,42870.28,1,1,0,1,0
CUST0035,31.0,5.0,36585.72,4.0,0,113722.19,1,1,0,0,1
CUST0036,65.0,3.0,127630.19,2.0,1,147256.07,0,0,1,0,1
CUST0037,25.0,2.0,0.0,4.0,1,132341.78,0,1,0,1,0
CUST0038,65.0,3.0,114828.84,1.0,0,149291.57,1,0,1,0,1
CUST0039,63.0,5.0,176815.31,1.0,1,62997.54,0,1,0,1,0
CUST0040,48.0,3.0,196085.99,3.0,0,44818.43,1,0,1,1,0
CUST0041,20.0,2.0,0.0,2.0,0,94107.95,1,1,0,0,1
CUST0042,49.0,6.0,0.0,3.0,1,61931.6,0,1,0,0,1
CUST0043,26.0,6.0,0.0,2.0,1,125314.74,0,1,0,1,0
CUST0044,30.0,10.0,2031.79,1.0,0,29222.32,1,0,1,0,1
CUST0045,31.0,3.0,68261.04,2.0,1,95176.42,0,0,1,0,1
CUST0046,42.0,10.0,0.0,2.0,1,83096.515,1,0,1,0,1
CUST0047,23.0,6.0,0.0,1.0,0,55300.58,1,1,0,0,1
CUST0048,56.0,4.0,168562.59,4.0,0,110936.59,1,0,1,0,1
CUST0049,33.0,2.0,103743.77,3.0,1,55208.19,0,0,1,1,0
CUST0050,43.0,5.0,37682.4,3.0,0,109504.99,1,0,1,1,0
CUST0051,18.0,2.0,48717.68,4.0,1,141499.82,0,1,0,1,0
CUST0052,56.0,5.0,0.0,3.0,1,66276.45,0,1,0,0,1
CUST0053,46.0,5.0,19737.24,2.0,1,42792.94,1,1,0,0,1
CUST0054,43.0,5.0,0.0,2.0,0,71805.62,0,1,0,0,1
CUST0055,22.0,4.0,0.0,2.0,0,85407.71,0,0,1,0,1
CUST0056,22.0,4.0,123554.38,3.0,0,132735.86,0,1,0,0,1
CUST0057,37.0,8.0,0.0,4.0,0,125456.54,0,1,0,1,0
CUST0058,29.0,3.0,164264.94,2.0,1,55614.95,0,0,1,1,0
CUST0059,63.0,2.0,8753.66,3.0,0,105243.94,1,1,0,1,0
CUST0060,27.0,10.0,0.0,1.0,1,110075.75,1,0,1,1,0
CUST0061,28.0,8.0,0.0,1.0,1,43067.14,0,0,1,1,0
CUST0062,52.0,1.0,146597.9,2.0,0,95470.72,0,0,1,1,0
CUST0063,49.0,5.0,0.0,1.0,0,50970.7,1,0,1,1,0
CUST0064,66.0,4.0,165465.04,1.0,0,70596.22,1,1,0,1,0
CUST0065,58.0,3.0,0.0,4.0,0,143578.93,1,1,0,0,1
CUST0066,64.0,5.0,19249.13,1.0,0,47654.63,0,1,0,0,1
CUST0067,33.0,9.0,0.0,2.0,0,149471.06,1,0,1,0,1
CUST0068,52.0,7.0,0.0,2.0,1,109443.9,0,1,0,1,0
CUST0069,34.0,6.0,0.0,4.0,0,126841.81,1,0,1,0,1
CUST0070,22.0,5.0,47412.39,4.0,0,134446.8,1,0,1,1,0
CUST0071,24.0,9.0,118785.86,2.0,0,82616.71,1,0,1,0,1
CUST0072,56.0,10.0,0.0,2.0,0,21475.97,1,1,0,1,0
CUST0073,37.0,8.0,0.0,3.0,0,95837.94,0,1,0,1,0
CUST0074,66.0,9.0,173851.23,1.0,1,21580.08,0,1,0,0,1
CUST0075,64.0,5.0,0.0,3.0,0,52888.72,0,0,1,0,1
CUST0076,35.0,9.0,0.0,3.0,0,110600.26,1,0,1,1,0
CUST0077,40.0,9.0,183135.61,4.0,1,71287.83,1,1,0,0,1
CUST0079,54.0,9.0,5425.545,2.0,0,56369.26,1,1,0,1,0
CUST0080,30.0,3.0,164684.91,3.0,0,99743.98,0,1,0,0,1
CUST0081,47.0,2.0,0.0,3.0,0,121088.3,1,1,0,0,1
CUST0082,64.0,1.0,75971.06,3.0,1,127791.35,0,0,1,1,0
CUST0083,50.0,2.0,0.0,1.0,1,29796.68,0,1,0,1,0
CUST0084,22.0,5.0,0.0,3.0,0,142819.54,0,0,1,1,0
CUST0085,34.0,5.0,90658.28,1.0,0,98802.7,1,0,1,1,0
CUST0086,66.0,8.0,124007.52,3.0,0,107304.52,1,1,0,0,1
CUST0087,20.0,2.0,170584.12,4.0,1,133964.97,0,1,0,1,0
CUST0088,65.0,7.0,0.0,2.0,0,47685.34,1,1,0,0,1
CUST0089,51.0,6.0,122009.48,2.0,0,31830.27,0,1,0,1,0
CUST0090,55.0,1.0,156946.95,2.0,1,132107.28,0,0,1,1,0
CUST0091,21.0,10.0,185390.94,1.0,1,79687.65,0,0,1,0,1
CUST0092,70.0,2.0,0.0,3.0,0,29862.23,1,1,0,0,1
CUST0093,33.0,6.0,139835.85,4.0,1,73515.96,0,0,1,0,1
CUST0094,44.0,2.0,0.0,3.0,0,64860.74,1,0,1,1,0
CUST0095,39.0,5.0,0.0,1.0,1,136248.24,1,0,1,0,1
CUST0096,43.0,9.0,0.0,1.0,0,86515.41,1,0,1,0,1
CUST0097,65.0,1.0,0.0,4.0,0,43987.73,1,0,1,1,0
CUST0098,39.0,10.0,152231.13,4.0,0,28104.38,1,1,0,0,1
CUST0099,68.0,7.0,0.0,2.0,0,23961.38,0,0,1,1,0
CUST0100,55.0,3.0,80035.6,1.0,0,43696.9,1,1,0,1,0
CUST0101,34.0,7.0,18751.66,4.0,0,64580.49,1,1,0,1,0
CUST0102,27.0,3.0,130115.75,3.0,0,115786.92,0,1,0,0,1
CUST0103,57.0,1.0,113327.25,1.0,1,136954.16,0,1,0,1,0
CUST0104,62.0,6.0,0.0,1.0,0,39871.69,1,0,1,0,1
CUST0105,21.0,8.0,0.0,3.0,0,73351.59,0,0,1,1,0
CUST0106,48.0,6.0,80173.26,3.0,0,126219.37,1,1,0,0,1
CUST0107,55.0,3.0,164351.43,3.0,1,81960.53,0,1,0,1,0
CUST0108,22.0,6.0,193630.82,3.0,0,115712.13,1,0,1,0,1
CUST0109,18.0,10.0,153788.12,1.0,0,141161.86,1,1,0,0,1
CUST0110,20.0,1.0,74476.87,2.0,0,91359.86,1,1,0,1,0
CUST0111,57.0,2.0,0.0,1.0,0,35170.49,1,0,1,1,0
CUST0112,55.0,7.0,0.0,1.0,1,116976.69,1,1,0,1,0
CUST0113,70.0,8.0,198194.97,4.0,0,140438.43,0,0,1,1,0
CUST0114,46.0,8.0,0.0,2.0,1,127267.25,1,1,0,0,1
CUST0115,36.0,10.0,0.0,1.0,0,108787.67,1,0,1,0,1
CUST0116,57.0,3.0,0.0,3.0,0,95073.22,1,0,1,1,0
CUST0117,64.0,7.0,0.0,4.0,0,90570.41,1,1,0,0,1
CUST0118,20.0,7.0,146379.28,4.0,0,134221.78,1,0,1,0,1
CUST0119,47.0,7.0,0.0,2.0,0,111907.46,1,0,1,1,0
CUST0120,50.0,4.0,114408.05,1.0,1,64470.63,0,1,0,1,0
CUST0121,48.0,4.0,91943.04,4.0,0,90181.88,0,0,1,1,0
CUST0122,21.0,2.0,0.0,3.0,1,113103.28,0,0,1,0,1
CUST0123,37.0,10.0,69162.33,4.0,0,57430.85,0,1,0,1,0
CUST0124,43.0,8.0,0.0,1.0,1,133376.11,0,1,0,1,0
CUST0125,53.0,4.0,0.0,4.0,1,120262.07,0,0,1,1,0
CUST0126,26.0,6.0,16386.89,4.0,1,138389.21,1,0,1,1,0
CUST0127,54.0,5.0,33938.58,2.0,0,63179.03,1,1,0,1,0
CUST0128,68.0,8.0,0.0,1.0,0,46725.38,1,1,0,1,0
CUST0129,43.0,9.0,23739.19,1.0,0,139984.83,1,0,1,0,1
CUST0130,44.0,2.0,183772.49,3.0,1,82616.71,0,0,1,1,0
CUST0131,42.0,7.0,0.0,4.0,0,121464.44,1,0,1,1,0
CUST0132,43.0,2.0,0.0,1.0,0,39326.15,1,0,1,0,1
CUST0133,45.0,8.0,0.0,4.0,1,117494.86,1,0,1,1,0
CUST0134,36.0,1.0,8273.38,4.0,0,28542.12,0,1,0,0,1
CUST0135,64.0,2.0,105353.66,1.0,1,92753.24,1,0,1,0,1
CUST0136,18.0,8.0,0.0,3.0,1,55196.81,0,0,1,0,1
CUST0137,50.0,7.0,195807.36,2.0,0,73037.98,1,0,1,1,0
CUST0138,20.0,8.0,0.0,1.0,1,64105.26,1,1,0,0,1
CUST0139,68.0,1.0,111787.6,2.0,1,148534.74,0,0,1,1,0
CUST0140,63.0,4.0,188937.54,1.0,0,62118.71,1,1,0,0,1
CUST0141,27.0,7.0,0.0,3.0,0,133937.73,1,1,0,0,1
CUST0142,35.0,2.0,0.0,4.0,1,127263.95,0,0,1,1,0
CUST0143,29.0,4.0,125205.63,4.0,0,76696.45,1,0,1,0,1
CUST0144,69.0,10.0,152957.55,1.0,1,83366.06,0,1,0,0,1
CUST0145,49.0,1.0,0.0,2.0,1,110849.96,0,1,0,1,0
CUST0146,26.0,6.0,129365.78,4.0,1,137074.4,0,1,0,0,1
CUST0147,54.0,6.0,0.0,2.0,0,55627.18,1,1,0,0,1
CUST0148,42.0,6.0,0.0,1.0,1,37795.13,0,1,0,0,1
CUST0149,23.0,8.0,0.0,1.0,0,94528.27,1,0,1,1,0
CUST0150,38.0,10.0,84985.18,4.0,0,43968.22,1,0,1,0,1
CUST0151,68.0,10.0,0.0,4.0,1,139016.78,0,0,1,1,0
CUST0152,57.0,3.0,0.0,3.0,1,37550.17,0,0,1,0,1
CUST0153,53.0,4.0,33240.76,3.0,1,214162.84749999997,1,1,0,1,0
CUST0154,26.0,10.0,0.0,1.0,0,73663.16,1,0,1,0,1
CUST0155,57.0,10.0,0.0,3.0,0,20304.12,0,0,1,0,1
CUST0157,66.0,8.0,0.0,1.0,0,114133.43,1,0,1,1,0
CUST0158,25.0,9.0,180769.4,3.0,1,26707.45,0,0,1,1,0
CUST0159,49.0,10.0,0.0,3.0,0,81517.32,1,0,1,0,1
CUST0160,32.0,5.0,0.0,4.0,1,74829.15,0,0,1,0,1
CUST0161,48.0,4.0,169065.33,3.0,0,24810.99,0,0,1,0,1
CUST0162,52.0,2.0,0.0,4.0,0,72583.11,1,0,1,0,1
CUST0163,66.0,4.0,0.0,1.0,0,135177.11,1,1,0,0,1
CUST0164,19.0,7.0,92926.63,2.0,0,44111.48,1,0,1,1,0
CUST0165,49.0,3.0,14935.91,4.0,1,31510.64,1,0,1,1,0
CUST0166,61.0,9.0,116570.68,3.0,1,31920.91,0,1,0,1,0
CUST0167,37.0,5.0,0.0,3.0,1,58610.37,0,1,0,1,0
CUST0168,35.0,5.0,0.0,1.0,0,75610.51,1,0,1,0,1
CUST0169,41.0,4.0,44432.52,1.0,0,31623.43,1,0,1,1,0
CUST0170,63.0,8.0,0.0,2.0,0,148851.92,1,1,0,1,0
CUST0171,37.0,6.0,0.0,2.0,0,42948.64,1,0,1,0,1
CUST0172,66.0,10.0,156137.31,1.0,1,145983.34,0,1,0,1,0
CUST0173,52.0,4.0,0.0,3.0,0,118571.0,0,1,0,0,1
CUST0174,41.0,3.0,163350.79,1.0,0,89806.67,1,0,1,0,1
CUST0175,31.0,5.0,0.0,4.0,0,36836.94,0,0,1,1,0
CUST0176,42.0,2.0,0.0,3.0,0,91611.46,1,0,1,0,1
CUST0177,41.0,6.0,5425.545,4.0,1,30536.01,1,1,0,0,1
CUST0178,30.0,5.0,198303.59,4.0,1,87090.27,0,1,0,1,0
CUST0179,20.0,8.0,132760.29,3.0,0,115408.29,1,1,0,1,0
CUST0180,33.0,8.0,0.0,3.0,0,63421.15,1,1,0,0,1
CUST0181,70.0,10.0,0.0,2.0,0,134612.83,0,1,0,0,1
CUST0182,68.0,7.0,2023.89,3.0,1,138131.17,1,0,1,1,0
CUST0183,19.0,7.0,0.0,2.0,0,92779.76,1,0,1,1,0
CUST0184,51.0,8.0,163917.2,2.0,1,22395.6,0,0,1,1,0
CUST0185,51.0,5.0,21399.44,4.0,1,28818.82,0,1,0,0,1
CUST0186,34.0,6.0,142005.83,1.0,1,29710.27,0,1,0,0,1
CUST0187,31.0,4.0,129867.16,1.0,0,28531.4,0,0,1,0,1
CUST0188,64.0,15.5,0.0,2.0,1,80910.12,0,0,1,0,1
CUST0189,52.0,9.0,0.0,1.0,0,48700.05,1,0,1,1,0
CUST0190,31.0,4.0,0.0,3.0,1,39637.53,0,0,1,1,0
CUST0191,38.0,5.0,128066.66,3.0,0,147917.09,0,1,0,1,0
CUST0192,55.0,2.0,43407.84,1.0,1,67908.42,0,0,1,1,0
CUST0193,33.0,8.0,0.0,1.0,0,39975.54,1,1,0,1,0
CUST0194,67.0,4.0,0.0,4.0,0,138538.68,0,0,1,0,1
CUST0195,37.0,9.0,0.0,1.0,1,52180.19,1,1,0,0,1
CUST0196,65.0,9.0,33004.27,2.0,0,96734.31,1,1,0,1,0
CUST0197,30.0,1.0,3312.49,2.0,1,82392.05,0,0,1,0,1
CUST0198,49.0,9.0,172164.36,1.0,0,82465.9,1,0,1,0,1
CUST0199,34.0,9.0,0.0,4.0,1,47345.45,1,1,0,0,1
CUST0200,57.0,2.0,65965.8,1.0,0,65581.5,1,0,1,1,0
CUST0201,69.0,10.0,79987.73,2.0,1,109630.45,0,0,1,1,0
CUST0202,51.0,10.0,0.0,4.0,0,111841.84,1,0,1,1,0
CUST0203,23.0,9.0,11342.29,1.0,1,133225.99,0,0,1,0,1
CUST0204,37.0,7.0,132503.2,4.0,1,121898.23,0,0,1,0,1
CUST0205,58.0,10.0,88282.84,2.0,0,104538.24,1,0,1,0,1
CUST0206,68.0,10.0,66474.47,4.0,1,133338.26,0,1,0,1,0
CUST0207,49.0,3.0,33172.84,2.0,1,63200.9,0,1,0,1,0
CUST0208,20.0,10.0,0.0,1.0,0,46465.18,1,1,0,0,1
CUST0209,66.0,5.0,0.0,4.0,0,64971.55,1,0,1,0,1
CUST0210,37.0,8.0,0.0,4.0,1,23821.28,1,1,0,1,0
CUST0211,53.0,2.0,119946.99,2.0,1,148977.33,0,0,1,1,0
CUST0212,29.0,3.0,124970.35,1.0,0,37103.8,0,0,1,1,0
CUST0213,65.0,7.0,126875.57,2.0,0,73694.05,1,1,0,0,1
CUST0214,58.0,6.0,0.0,2.0,0,66700.34,1,0,1,0,1
CUST0215,23.0,1.0,0.0,4.0,0,105375.77,1,1,0,0,1
CUST0216,57.0,8.0,0.0,3.0,0,134882.26,1,1,0,1,0
CUST0217,33.0,10.0,90306.74,2.0,0,78426.4,1,1,0,1,0
CUST0218,29.0,1.0,51253.03,4.0,0,98719.96,1,1,0,0,1
CUST0219,29.0,5.0,156576.28,4.0,1,132348.1,0,1,0,0,1
CUST0220,43.0,2.0,0.0,3.0,1,26720.59,0,1,0,1,0
CUST0221,52.0,6.0,0.0,1.0,0,96007.19,1,0,1,1,0
CUST0222,37.0,5.0,0.0,3.0,1,62006.99,0,0,1,0,1
CUST0223,56.0,8.0,103603.61,3.0,1,38154.66,1,1,0,0,1
CUST0224,62.0,4.0,141231.47,4.0,0,146088.57,0,0,1,1,0
CUST0225,25.0,6.0,173760.31,3.0,0,128954.99,0,0,1,0,1
CUST0226,27.0,2.0,49585.31,4.0,1,119907.52,1,0,1,1,0
CUST0227,42.0,4.0,0.0,3.0,1,71202.37,0,1,0,0,1
CUST0228,43.0,2.0,199883.33,3.0,0,72898.03,0,0,1,1,0
CUST0229,26.0,5.0,0.0,3.0,1,72538.24,0,0,1,0,1
CUST0230,55.0,3.0,161761.34,1.0,0,76625.83,0,1,0,1,0
CUST0231,41.0,6.0,0.0,3.0,1,99278.13,0,0,1,1,0
CUST0232,36.0,9.0,119700.61,1.0,1,21906.72,0,0,1,1,0
CUST0233,25.0,10.0,0.0,3.0,1,143692.21,0,0,1,1,0
CUST0234,45.0,5.0,0.0,4.0,1,88461.09,0,0,1,1,0
CUST0235,53.0,7.0,162784.16,4.0,0,22370.24,1,0,1,1,0
CUST0236,33.0,5.0,0.0,4.0,0,27834.76,0,0,1,1,0
CUST0237,39.0,3.0,0.0,4.0,0,57033.48,1,0,1,0,1
CUST0238,64.0,3.0,116605.48,4.0,1,71987.68,0,1,0,0,1
CUST0239,43.0,9.0,0.0,3.0,1,123971.54,1,0,1,0,1
CUST0240,66.0,10.0,37860.46,4.0,1,31315.07,0,0,1,0,1
CUST0241,61.0,8.0,0.0,3.0,0,102938.08,1,0,1,1,0
CUST0242,45.0,9.0,0.0,2.0,1,66900.43,0,0,1,0,1
CUST0243,41.0,1.0,0.0,4.0,1,126939.86,0,1,0,0,1
CUST0244,27.0,9.0,20011.53,2.0,0,96259.1,1,1,0,1,0
CUST0245,52.0,2.0,0.0,1.0,1,60595.33,1,1,0,0,1
CUST0246,24.0,10.0,0.0,1.0,1,38430.67,1,0,1,1,0
CUST0247,24.0,5.0,135492.41,2.0,0,114187.19,1,1,0,1,0
CUST0248,41.0,3.0,121040.66,2.0,0,120440.95,1,0,1,0,1
CUST0249,54.0,1.0,0.0,4.0,0,64662.86,0,1,0,1,0
CUST0250,30.0,1.0,166540.76,1.0,0,103221.87,1,1,0,0,1
CUST0251,25.0,2.0,136346.25,1.0,0,44742.23,1,0,1,0,1
CUST0252,61.0,2.0,0.0,2.0,1,63364.04,0,1,0,1,0
CUST0253,53.0,5.0,0.0,3.0,0,89657.6,1,1,0,1,0
CUST0254,33.0,1.0,60869.77,4.0,1,69728.42,0,1,0,1,0
CUST0255,68.0,8.0,4985.24,4.0,1,51675.37,0,0,1,0,1
CUST0256,37.0,6.0,52152.41,3.0,0,99103.23,1,0,1,0,1
CUST0257,69.0,2.0,13558.7,1.0,1,64417.69,1,1,0,1,0
CUST0258,19.0,9.0,0.0,3.0,1,78136.33,0,0,1,0,1
CUST0259,23.0,3.0,0.0,2.0,0,70835.56,1,0,1,0,1
CUST0260,66.0,10.0,0.0,3.0,0,89222.56,0,0,1,0,1
CUST0261,20.0,7.0,0.0,3.0,0,42558.19,1,1,0,1,0
CUST0262,35.0,4.0,115035.24,1.0,0,82316.08,1,0,1,0,1
CUST0263,48.0,1.0,121644.33,2.0,1,85333.59,0,1,0,1,0
CUST0264,42.0,5.0,0.0,2.0,0,50231.68,1,0,1,0,1
CUST0265,29.0,4.0,88462.83,3.0,1,48084.96,0,0,1,0,1
CUST0266,40.0,3.0,0.0,3.0,1,47528.2,0,1,0,0,1
CUST0267,67.0,8.0,0.0,3.0,0,29701.88,1,1,0,1,0
CUST0268,63.0,3.0,36375.51,4.0,1,102314.65,0,0,1,1,0
CUST0269,54.0,7.0,0.0,4.0,1,130242.07,0,1,0,0,1
CUST0271,24.0,5.0,0.0,2.0,1,37394.49,0,0,1,1,0
CUST0272,55.0,5.0,152297.67,4.0,0,47976.24,1,1,0,1,0
CUST0273,67.0,5.0,0.0,1.0,1,68283.11,1,0,1,0,1
CUST0274,28.0,5.0,0.0,1.0,1,39506.33,1,0,1,0,1
CUST0275,35.0,8.0,0.0,4.0,1,71011.18,0,1,0,1,0
CUST0276,66.0,9.0,21327.76,1.0,0,125154.85,1,0,1,1,0
CUST0277,50.0,10.0,186133.46,4.0,0,83096.515,1,0,1,0,1
CUST0278,25.0,6.0,0.0,1.0,0,87393.04,1,0,1,0,1
CUST0279,49.0,1.0,89211.34,1.0,0,117006.94,0,1,0,0,1
CUST0280,68.0,8.0,0.0,1.0,0,70387.38,1,1,0,0,1
CUST0281,53.0,4.0,0.0,3.0,0,42634.21,1,0,1,0,1
CUST0282,47.0,6.0,153110.16,2.0,0,30682.32,0,1,0,0,1
CUST0283,48.0,8.0,0.0,1.0,0,46739.34,1,0,1,0,1
CUST0284,21.0,9.0,129136.95,3.0,0,145903.54,0,1,0,0,1
CUST0285,29.0,8.0,0.0,1.0,0,87699.86,1,1,0,0,1
CUST0286,51.0,10.0,68315.23,2.0,0,68381.71,1,1,0,1,0
CUST0287,42.0,2.0,188672.09,4.0,1,45671.16,0,0,1,1,0
CUST0288,38.0,3.0,134619.53,3.0,0,53596.11,0,0,1,1,0
CUST0289,38.0,5.0,195701.06,4.0,0,43477.3,1,1,0,0,1
CUST0290,39.0,6.0,196949.28,4.0,0,41425.93,1,1,0,1,0
CUST0291,32.0,4.0,0.0,3.0,0,129291.39,0,0,1,1,0
CUST0292,60.0,5.0,118479.19,3.0,1,93452.86,0,0,1,1,0
CUST0293,56.0,9.0,0.0,4.0,1,21213.11,1,1,0,0,1
CUST0294,22.0,3.0,198370.18,3.0,1,124009.23,0,0,1,0,1
CUST0295,27.0,5.0,0.0,3.0,1,66199.99,0,1,0,1,0
CUST0296,69.0,4.0,2040.69,2.0,1,116945.39,0,0,1,0,1
CUST0297,51.0,5.0,0.0,4.0,0,59728.55,0,1,0,1,0
CUST0298,54.0,10.0,0.0,4.0,1,135205.45,0,1,0,0,1
CUST0299,54.0,6.0,83111.75,3.0,1,100546.61,0,0,1,1,0
CUST0300,62.0,15.5,0.0,4.0,1,114042.62,1,0,1,1,0
CUST0301,69.0,4.0,11507.99,2.0,1,98278.93,1,0,1,0,1
CUST0302,36.0,1.0,0.0,2.0,0,116970.28,0,0,1,0,1
CUST0303,70.0,4.0,103936.54,1.0,1,62665.06,0,0,1,0,1
CUST0304,35.0,4.0,13445.9,3.0,0,115370.06,1,1,0,1,0
CUST0305,50.0,1.0,127873.1,4.0,0,109168.47,0,0,1,1,0
CUST0306,28.0,7.0,114802.58,1.0,1,67090.61,1,1,0,1,0
CUST0307,30.0,1.0,117576.22,1.0,0,140850.2,0,0,1,0,1
CUST0308,36.0,10.0,170692.88,3.0,0,80025.27,1,0,1,1,0
CUST0309,38.0,10.0,187533.31,2.0,1,26479.46,0,1,0,0,1
CUST0310,52.0,1.0,156262.4,2.0,1,49279.08,0,1,0,1,0
CUST0311,48.0,4.0,131734.08,1.0,1,27417.11,0,0,1,0,1
CUST0312,45.0,7.0,50148.78,2.0,1,55353.46,0,1,0,0,1
CUST0313,59.0,9.0,155565.4,1.0,1,24369.77,1,0,1,1,0
CUST0314,60.0,9.0,69838.17,1.0,0,31235.2,1,0,1,1,0
CUST0315,49.0,0.0,110115.8,3.0,0,71148.22,0,0,1,0,1
CUST0316,31.0,9.0,0.0,2.0,0,114270.24,1,1,0,1,0
CUST0317,66.0,3.0,0.0,4.0,0,43792.01,1,1,0,0,1
CUST0318,70.0,4.0,0.0,3.0,0,90863.72,0,0,1,0,1
CUST0319,51.0,10.0,0.0,2.0,0,99677.02,1,0,1,1,0
CUST0320,51.0,1.0,0.0,2.0,1,48091.76,1,0,1,0,1
CUST0321,33.0,3.0,130543.72,4.0,0,86625.34,0,0,1,0,1
CUST0322,27.0,3.0,0.0,1.0,1,53620.71,1,1,0,0,1
CUST0323,21.0,4.0,104357.79,4.0,0,134345.64,0,0,1,1,0
CUST0324,44.0,9.0,112476.27,2.0,0,91826.77,1,0,1,1,0
CUST0325,20.0,8.0,57203.75,4.0,1,68351.25,0,1,0,1,0
CUST0326,67.0,3.0,0.0,4.0,1,32224.69,0,1,0,0,1
CUST0327,58.0,4.0,56011.9,3.0,0,45459.31,0,0,1,1,0
CUST0328,35.0,10.0,90072.99,4.0,0,99751.51,1,1,0,0,1
CUST0329,44.0,2.0,34601.99,1.0,0,24339.87,1,0,1,0,1
CUST0330,49.0,5.0,88624.36,2.0,0,134714.13,0,0,1,0,1
CUST0331,63.0,7.0,0.0,1.0,0,106829.6,1,1,0,1,0
CUST0332,21.0,6.0,0.0,3.0,0,109291.93,1,0,1,0,1
CUST0333,21.0,9.0,164768.73,2.0,0,146549.46,1,1,0,0,1
CUST0334,26.0,4.0,183723.39,3.0,1,148448.52,0,0,1,0,1
CUST0335,61.0,9.0,72201.85,2.0,1,63577.05,1,0,1,1,0
CUST0336,38.0,8.0,0.0,1.0,1,137696.78,0,1,0,1,0
CUST0337,35.0,10.0,0.0,4.0,1,115948.99,0,1,0,0,1
CUST0338,47.0,3.0,0.0,4.0,1,60939.55,1,1,0,0,1
CUST0339,64.0,7.0,34259.27,4.0,1,29447.21,1,0,1,1,0
CUST0340,20.0,4.0,0.0,2.0,0,28905.7,0,0,1,1,0
CUST0341,70.0,4.0,187722.66,1.0,0,122498.15,0,0,1,1,0
CUST0342,35.0,3.0,0.0,3.0,0,34428.63,1,0,1,1,0
CUST0343,55.0,4.0,76940.78,3.0,1,124306.06,0,1,0,1,0
CUST0344,66.0,9.0,84867.36,2.0,0,36569.01,0,1,0,0,1
CUST0345,63.0,3.0,0.0,1.0,1,147633.83,0,1,0,0,1
CUST0346,26.0,7.0,0.0,3.0,1,48397.61,1,0,1,0,1
CUST0347,53.0,8.0,0.0,4.0,1,56897.7,0,1,0,1,0
CUST0348,70.0,3.0,46043.95,2.0,1,28383.87,0,1,0,1,0
CUST0349,19.0,9.0,66751.19,1.0,0,101402.9,1,1,0,0,1
CUST0350,66.0,3.0,54287.56,2.0,0,105647.26,1,1,0,1,0
CUST0351,54.0,3.0,0.0,1.0,0,24243.94,0,0,1,1,0
CUST0352,51.0,8.0,191209.07,1.0,0,30686.92,0,0,1,1,0
CUST0353,63.0,9.0,68822.32,1.0,1,143254.08,0,1,0,0,1
CUST0354,46.0,3.0,0.0,4.0,1,69986.47,0,0,1,0,1
CUST0355,39.0,2.0,0.0,3.0,0,54964.66,1,1,0,1,0
CUST0356,39.0,9.0,0.0,4.0,1,137959.42,1,0,1,0,1
CUST0357,59.0,1.0,0.0,1.0,1,81066.69,0,0,1,1,0
CUST0358,37.0,8.0,0.0,2.0,1,26434.59,0,1,0,1,0
CUST0359,37.0,1.0,0.0,1.0,1,86646.8,1,1,0,1,0
CUST0360,58.0,9.0,0.0,1.0,1,89107.93,0,1,0,1,0
CUST0361,58.0,7.0,0.0,2.0,0,37093.59,1,1,0,1,0
CUST0362,18.0,8.0,84943.81,4.0,0,112824.24,0,0,1,0,1
CUST0363,65.0,1.0,0.0,4.0,0,20203.46,0,1,0,0,1
CUST0364,40.0,7.0,9071.19,2.0,1,106487.97,0,0,1,0,1
CUST0365,53.0,2.0,0.0,4.0,1,137041.76,0,1,0,0,1
CUST0366,68.0,9.0,0.0,1.0,1,67049.6,1,0,1,1,0
CUST0367,27.0,2.0,0.0,1.0,1,42340.3,0,1,0,1,0
CUST0368,70.0,2.0,0.0,4.0,1,126601.64,0,0,1,0,1
CUST0369,29.0,3.0,0.0,1.0,1,138317.5,0,0,1,1,0
CUST0370,48.0,9.0,0.0,2.0,0,110024.07,1,1,0,0,1
CUST0371,52.0,7.0,108964.34,2.0,1,49416.28,0,1,0,0,1
CUST0372,20.0,9.0,86766.06,3.0,1,68252.42,0,0,1,0,1
CUST0373,53.0,1.0,105636.71,4.0,0,103946.27,1,1,0,0,1
CUST0374,18.0,1.0,0.0,1.0,1,69258.34,1,1,0,0,1
CUST0375,64.0,1.0,21150.72,1.0,1,129424.04,0,1,0,0,1
CUST0376,55.0,1.0,0.0,1.0,0,49703.28,0,1,0,0,1
CUST0377,20.0,4.0,20761.14,2.0,1,73839.53,0,1,0,1,0
CUST0378,23.0,5.0,0.0,2.0,0,144269.45,1,1,0,1,0
CUST0379,40.0,6.0,120985.63,1.0,0,57492.71,0,1,0,1,0
CUST0380,69.0,1.0,77716.87,2.0,0,40038.86,0,1,0,0,1
CUST0381,51.0,6.0,0.0,3.0,1,127485.95,0,1,0,1,0
CUST0382,66.0,5.0,69147.15,1.0,0,92502.15,1,0,1,0,1
CUST0383,45.0,8.0,0.0,3.0,0,46950.17,1,0,1,0,1
CUST0384,52.0,2.0,0.0,4.0,0,46170.57,1,1,0,0,1
CUST0385,45.0,0.0,95633.66,2.0,0,145323.75,0,1,0,1,0
CUST0386,28.0,6.0,107143.94,2.0,1,122766.27,1,0,1,1,0
CUST0387,34.0,8.0,55877.75,2.0,1,39343.48,0,1,0,0,1
CUST0388,65.0,4.0,0.0,3.0,1,57151.86,0,1,0,0,1
CUST0389,41.0,7.0,0.0,4.0,0,95046.27,0,0,1,1,0
CUST0390,31.0,2.0,0.0,3.0,1,124856.61,0,1,0,1,0
CUST0391,26.0,8.0,0.0,1.0,0,136101.73,1,1,0,1,0
CUST0392,55.0,3.0,0.0,3.0,0,140429.74,1,0,1,0,1
CUST0393,49.0,6.0,0.0,3.0,1,37476.57,1,1,0,0,1
CUST0394,33.0,2.0,0.0,4.0,0,123141.22,0,1,0,0,1
CUST0395,67.0,8.0,198935.08,3.0,0,25741.05,1,1,0,0,1
CUST0396,54.0,1.0,0.0,4.0,0,126850.46,0,1,0,0,1
CUST0397,18.0,4.0,0.0,4.0,0,114009.43,1,1,0,1,0
CUST0398,21.0,6.0,61921.33,3.0,1,95015.29,0,0,1,0,1
CUST0399,62.0,3.0,104992.74,2.0,0,85081.15,0,1,0,0,1
CUST0400,33.0,6.0,10994.98,2.0,1,58387.76,1,0,1,1,0
CUST0401,56.0,3.0,160893.07,4.0,0,137794.43,1,0,1,0,1
CUST0402,70.0,7.0,0.0,2.0,0,98454.1,1,1,0,1,0
CUST0403,42.0,6.0,0.0,3.0,1,79013.09,0,1,0,0,1
CUST0404,69.0,4.0,136840.83,2.0,1,126929.52,0,0,1,0,1
CUST0405,39.0,4.0,0.0,4.0,1,84570.4,0,0,1,0,1
CUST0406,35.0,8.0,0.0,1.0,0,61286.28,1,1,0,0,1
CUST0407,46.0,10.0,143292.71,2.0,0,95824.65,1,0,1,1,0
CUST0408,23.0,5.0,188149.25,1.0,0,127472.91,1,0,1,0,1
CUST0409,26.0,2.0,63356.24,2.0,0,76396.26,0,0,1,1,0
CUST0410,65.0,8.0,0.0,1.0,0,84195.83,1,0,1,0,1
CUST0411,44.0,9.0,141067.56,3.0,0,112695.99,0,0,1,1,0
CUST0412,50.0,8.0,0.0,4.0,0,58746.79,1,0,1,1,0
CUST0413,36.0,3.0,129185.7,1.0,1,144383.98,0,1,0,1,0
CUST0414,58.0,3.0,92082.22,4.0,0,68075.72,1,0,1,0,1
CUST0415,58.0,2.0,110861.8,3.0,1,68251.01,0,1,0,0,1
CUST0416,39.0,1.0,0.0,1.0,1,71315.47,0,1,0,1,0
CUST0417,53.0,2.0,147682.21,4.0,0,108685.2,0,0,1,0,1
CUST0418,18.0,4.0,0.0,2.0,0,127030.23,0,1,0,1,0
CUST0419,70.0,5.0,0.0,1.0,1,128974.5,0,1,0,0,1
CUST0420,31.0,10.0,0.0,3.0,0,137788.57,1,1,0,0,1
CUST0421,46.0,9.0,192736.35,2.0,0,60542.3,0,0,1,0,1
CUST0422,64.0,1.0,104737.91,4.0,1,22203.2,0,0,1,1,0
CUST0423,47.0,9.0,24921.24,3.0,1,58130.12,0,0,1,0,1
CUST0424,24.0,4.0,5425.545,4.0,0,106190.95,0,0,1,0,1
CUST0425,53.0,3.0,0.0,4.0,0,121448.9,1,1,0,1,0
CUST0426,39.0,4.0,0.0,1.0,1,98427.93,0,0,1,1,0
CUST0427,40.0,10.0,116859.54,1.0,0,88995.86,1,0,1,1,0
CUST0428,28.0,6.0,0.0,2.0,0,38304.38,1,1,0,0,1
CUST0429,27.0,3.0,0.0,4.0,1,70461.54,0,0,1,0,1
CUST0430,60.0,1.0,69693.25,2.0,1,81098.47,0,0,1,0,1
CUST0431,58.0,2.0,138329.22,1.0,1,49932.62,1,0,1,0,1
CUST0432,50.0,2.0,61081.42,3.0,0,143379.26,0,1,0,0,1
CUST0433,23.0,6.0,185803.4,2.0,1,43440.03,0,0,1,0,1
CUST0434,20.0,6.0,89662.79,1.0,1,129674.46,0,1,0,1,0
CUST0435,30.0,2.0,170903.2,4.0,0,45600.34,0,1,0,0,1
CUST0436,65.0,8.0,142632.84,2.0,1,53740.43,0,1,0,1,0
CUST0437,36.0,6.0,15543.23,2.0,1,44713.99,0,1,0,0,1
CUST0438,51.0,1.0,0.0,4.0,1,118450.33,1,1,0,0,1
CUST0439,25.0,4.0,0.0,3.0,0,41150.97,1,0,1,1,0
CUST0440,39.0,6.0,0.0,2.0,0,69008.12,1,1,0,0,1
CUST0441,60.0,5.0,45193.1,4.0,0,114751.99,1,1,0,0,1
CUST0442,54.0,9.0,81150.12,1.0,1,137179.8,1,1,0,1,0
CUST0443,44.0,2.0,198657.75,1.0,0,68324.13,1,0,1,1,0
CUST0444,70.0,3.0,0.0,3.0,1,100865.14,0,1,0,0,1
CUST0445,46.0,4.0,115194.41,4.0,1,137290.73,0,1,0,1,0
CUST0446,37.0,4.0,0.0,3.0,0,49730.27,0,0,1,1,0
CUST0447,39.0,2.0,0.0,1.0,0,113490.79,1,1,0,0,1
CUST0448,38.0,3.0,0.0,3.0,1,75913.37,0,1,0,1,0
CUST0449,43.0,8.0,80787.41,4.0,1,135555.37,0,0,1,1,0
CUST0450,62.0,8.0,0.0,4.0,1,46919.86,1,1,0,1,0
CUST0451,21.0,10.0,0.0,1.0,0,125414.22,1,0,1,1,0
CUST0452,53.0,2.0,155007.34,2.0,0,87035.72,0,1,0,0,1
CUST0453,70.0,8.0,0.0,1.0,1,91071.07,1,1,0,1,0
CUST0454,23.0,5.0,144902.53,3.0,1,21311.78,0,1,0,1,0
CUST0455,68.0,6.0,146139.61,4.0,0,106196.13,0,0,1,0,1
CUST0456,22.0,7.0,122316.57,2.0,0,52865.77,1,0,1,1,0
CUST0457,65.0,6.0,81744.48,4.0,0,90521.23,1,0,1,0,1
CUST0458,33.0,7.0,109354.89,4.0,1,121482.12,0,0,1,1,0
CUST0459,28.0,10.0,0.0,4.0,1,102180.73,1,1,0,0,1
CUST0460,54.0,6.0,0.0,1.0,1,146414.6,1,0,1,1,0
CUST0461,19.0,8.0,0.0,3.0,0,35863.96,1,0,1,0,1
CUST0462,34.0,2.0,0.0,1.0,1,63629.36,0,0,1,1,0
CUST0463,20.0,1.0,140532.8,4.0,0,143121.79,0,1,0,1,0
CUST0464,20.0,10.0,33444.03,4.0,1,69966.16,1,1,0,0,1
CUST0465,69.0,3.0,3272.18,1.0,1,76895.97,1,1,0,0,1
CUST0466,46.0,3.0,0.0,1.0,0,75847.47,1,1,0,0,1
CUST0467,33.0,6.0,24579.98,4.0,0,143820.73,1,1,0,0,1
CUST0468,60.0,10.0,0.0,4.0,0,61151.46,0,0,1,0,1
CUST0469,54.0,8.0,50843.11,3.0,1,128267.95,0,0,1,1,0
CUST0470,35.0,4.0,135129.96,1.0,1,57392.25,0,1,0,1,0
CUST0471,44.0,1.0,0.0,1.0,1,98715.62,1,1,0,0,1
CUST0472,50.0,2.0,0.0,2.0,0,27356.14,1,0,1,1,0
CUST0473,21.0,1.0,128705.15,3.0,0,45868.98,0,1,0,1,0
CUST0474,46.0,8.0,198081.99,2.0,1,138915.04,1,1,0,1,0
CUST0475,46.0,10.0,36693.57,2.0,1,72468.13,0,0,1,1,0
CUST0476,43.0,4.0,0.0,1.0,0,54355.91,1,1,0,0,1
CUST0477,42.0,3.0,54438.22,4.0,1,145909.85,0,1,0,0,1
CUST0478,56.0,6.0,0.0,2.0,1,79542.89,1,1,0,0,1
CUST0480,65.0,6.0,63268.57,3.0,1,132592.43,0,0,1,0,1
CUST0481,43.0,9.0,0.0,3.0,0,134789.2,1,1,0,0,1
CUST0482,39.0,4.0,0.0,1.0,0,22001.34,1,0,1,0,1
CUST0483,66.0,9.0,0.0,2.0,0,129174.21,1,1,0,0,1
CUST0484,49.0,6.0,0.0,2.0,0,76365.76,1,1,0,0,1
CUST0485,38.0,9.0,0.0,4.0,0,114048.22,1,1,0,1,0
CUST0486,45.0,1.0,0.0,2.0,1,46523.21,0,0,1,0,1
CUST0487,70.0,7.0,10953.7,3.0,0,66276.23,1,1,0,0,1
CUST0488,60.0,2.0,0.0,2.0,1,98875.12,0,1,0,1,0
CUST0489,35.0,7.0,167859.87,3.0,1,141252.37,0,1,0,1,0
CUST0490,63.0,3.0,0.0,3.0,0,87788.37,1,0,1,0,1
CUST0491,59.0,1.0,184232.56,3.0,0,54950.96,1,1,0,1,0
CUST0492,54.0,9.0,0.0,1.0,0,133583.98,1,0,1,0,1
CUST0493,55.0,10.0,100386.92,4.0,0,121918.36,1,0,1,1,0
CUST0494,39.0,10.0,5360.75,2.0,0,27302.89,1,1,0,0,1
CUST0495,21.0,1.0,153123.7,2.0,0,53830.76,1,0,1,0,1
CUST0496,65.0,5.0,157517.95,1.0,0,113673.52,0,0,1,0,1
CUST0497,36.0,3.0,0.0,4.0,1,77629.85,0,1,0,0,1
CUST0498,42.0,5.0,148763.64,4.0,0,127655.19,1,0,1,0,1
CUST0499,49.0,5.0,66021.77,1.0,1,142345.71,0,1,0,0,1
CUST0500,38.0,9.0,0.0,3.0,1,87807.92,0,0,1,1,0
CUST0501,40.0,1.0,69611.5,3.0,0,21722.63,1,0,1,0,1
CUST0502,64.0,5.0,82807.63,2.0,0,83618.94,0,1,0,0,1
CUST0503,57.0,5.0,144029.18,4.0,1,40977.16,0,1,0,0,1
CUST0504,34.0,10.0,176450.83,2.0,1,95678.69,1,1,0,1,0
CUST0505,59.0,7.0,12488.7,3.0,1,48542.01,0,0,1,1,0
CUST0506,25.0,9.0,83739.25,1.0,0,110535.87,1,1,0,1,0
CUST0507,18.0,2.0,0.0,2.0,1,22878.39,0,1,0,1,0
CUST0508,65.0,1.0,0.0,1.0,1,147456.62,0,1,0,1,0
CUST0509,30.0,5.0,0.0,3.0,0,143687.46,0,1,0,0,1
CUST0510,34.0,9.0,0.0,3.0,0,48847.06,1,1,0,1,0
CUST0511,33.0,9.0,0.0,4.0,0,80457.18,0,1,0,0,1
CUST0512,58.0,6.0,26349.9,1.0,1,86373.03,0,1,0,1,0
CUST0513,58.0,3.0,3660.17,2.0,1,22016.08,0,0,1,1,0
CUST0514,19.0,8.0,175592.74,3.0,1,145848.56,1,1,0,1,0
CUST0515,66.0,2.0,0.0,2.0,1,149633.71,0,0,1,1,0
CUST0516,46.0,3.0,44802.15,2.0,1,28932.78,0,0,1,0,1
CUST0517,69.0,10.0,70639.04,3.0,0,128077.8,0,1,0,0,1
CUST0519,54.0,7.0,135817.21,1.0,0,46941.5,1,0,1,1,0
CUST0520,24.0,9.0,70045.57,1.0,0,53570.03,1,0,1,0,1
CUST0521,38.0,10.0,0.0,1.0,1,40341.97,1,0,1,0,1
CUST0522,30.0,6.0,77856.19,3.0,1,97970.27,0,0,1,1,0
CUST0523,47.0,10.0,0.0,4.0,1,110500.3,1,0,1,1,0
CUST0524,43.0,7.0,132242.64,1.0,1,110006.66,1,0,1,0,1
CUST0525,55.0,3.0,0.0,2.0,1,44820.46,0,0,1,1,0
CUST0526,30.0,4.0,164929.71,3.0,0,126814.23,0,0,1,1,0
CUST0527,23.0,8.0,0.0,4.0,0,76205.01,1,0,1,0,1
CUST0528,39.0,6.0,83632.95,3.0,0,101905.18,0,1,0,1,0
CUST0529,65.0,6.0,86368.0,3.0,1,115709.75,0,0,1,0,1
CUST0530,30.0,6.0,19771.16,3.0,1,111888.92,0,0,1,1,0
CUST0531,44.0,4.0,0.0,3.0,1,107653.65,1,1,0,1,0
CUST0532,44.0,3.0,114661.3,1.0,0,144950.72,0,1,0,1,0
CUST0533,38.0,3.0,81796.35,3.0,1,60585.53,0,1,0,0,1
CUST0534,48.0,8.0,125124.87,4.0,0,128825.55,0,1,0,0,1
CUST0535,52.0,3.0,0.0,1.0,0,95523.55,0,0,1,0,1
CUST0536,36.0,2.0,0.0,1.0,1,97590.74,0,0,1,0,1
CUST0537,63.0,2.0,0.0,3.0,0,149432.04,0,1,0,1,0
CUST0538,21.0,6.0,161078.4,2.0,1,26935.24,0,0,1,1,0
CUST0539,35.0,7.0,172864.64,3.0,0,102113.66,1,0,1,1,0
CUST0540,42.0,9.0,14890.33,3.0,1,125333.62,0,1,0,1,0
CUST0541,57.0,6.0,0.0,1.0,1,42064.7,1,1,0,1,0
CUST0542,65.0,1.0,0.0,2.0,1,124365.42,0,1,0,0,1
CUST0543,20.0,8.0,0.0,1.0,0,128392.95,1,0,1,0,1
CUST0544,43.0,8.0,0.0,2.0,1,28648.59,1,0,1,0,1
CUST0545,34.0,4.0,176313.63,2.0,0,47460.14,0,0,1,0,1
CUST0546,64.0,8.0,0.0,3.0,1,124343.24,0,0,1,0,1
CUST0547,37.0,5.0,0.0,3.0,0,80451.24,0,1,0,1,0
CUST0548,47.0,4.0,0.0,3.0,0,107010.12,0,0,1,0,1
CUST0550,67.0,6.0,188534.31,4.0,0,88884.56,0,1,0,1,0
CUST0551,57.0,8.0,88508.36,3.0,0,62413.01,1,1,0,0,1
CUST0552,47.0,8.0,0.0,4.0,1,107619.25,1,1,0,1,0
CUST0553,54.0,10.0,0.0,2.0,1,132405.66,1,0,1,0,1
CUST0554,40.0,6.0,0.0,3.0,1,83096.515,1,1,0,0,1
CUST0555,55.0,10.0,101596.24,4.0,1,55573.25,0,0,1,1,0
CUST0556,34.0,1.0,0.0,2.0,0,27407.23,1,1,0,1,0
CUST0557,26.0,6.0,145276.21,2.0,1,121016.41,0,1,0,1,0
CUST0558,32.0,7.0,0.0,4.0,1,68290.74,1,0,1,1,0
CUST0559,35.0,9.0,99021.25,2.0,1,66982.49,0,1,0,1,0
CUST0560,35.0,7.0,0.0,1.0,1,137428.74,0,1,0,0,1
CUST0561,66.0,5.0,0.0,1.0,1,133048.79,0,1,0,0,1
CUST0562,56.0,6.0,75062.48,3.0,0,94214.06,1,0,1,0,1
CUST0563,47.0,3.0,0.0,2.0,1,57141.98,0,1,0,0,1
CUST0564,25.0,7.0,0.0,2.0,1,123705.19,1,0,1,0,1
CUST0565,29.0,1.0,0.0,3.0,1,148507.81,1,1,0,1,0
CUST0566,48.0,5.0,0.0,3.0,1,20084.94,0,1,0,0,1
CUST0567,67.0,1.0,0.0,1.0,1,79582.07,1,1,0,0,1
CUST0568,34.0,8.0,97739.97,3.0,0,57889.92,1,1,0,1,0
CUST0569,43.0,7.0,2280.61,1.0,1,99982.97,0,1,0,1,0
CUST0570,34.0,7.0,187099.25,1.0,1,81839.42,0,1,0,0,1
CUST0571,47.0,5.0,0.0,4.0,1,107104.23,0,0,1,1,0
CUST0572,61.0,5.0,10998.36,7.875,0,76963.22,0,0,1,1,0
CUST0573,18.0,3.0,150993.08,1.0,0,80538.73,0,1,0,0,1
CUST0574,25.0,8.0,184551.13,1.0,1,45979.37,1,1,0,1,0
CUST0575,56.0,1.0,5425.545,1.0,0,128558.57,0,0,1,1,0
CUST0576,39.0,2.0,0.0,4.0,1,31381.33,0,1,0,1,0
CUST0577,68.0,8.0,0.0,2.0,1,141316.66,1,1,0,1,0
CUST0578,34.0,6.0,136021.49,4.0,1,143130.99,0,1,0,0,1
CUST0579,21.0,6.0,0.0,4.0,0,21336.98,1,0,1,0,1
CUST0580,58.0,4.0,124915.22,3.0,1,64196.34,0,1,0,0,1
CUST0581,45.0,1.0,18708.95,4.0,0,148029.95,0,1,0,1,0
CUST0582,67.0,4.0,0.0,1.0,1,112317.24,1,0,1,1,0
CUST0583,31.0,9.0,0.0,2.0,1,27812.53,0,1,0,0,1
CUST0584,37.0,8.0,0.0,4.0,0,118416.25,1,0,1,1,0
CUST0585,32.0,3.0,0.0,4.0,0,83096.515,0,1,0,0,1
CUST0586,37.0,7.0,59719.4,3.0,0,77207.55,0,1,0,0,1
CUST0587,20.0,10.0,5425.545,1.0,1,42534.6,0,1,0,0,1
CUST0588,69.0,6.0,136748.48,2.0,1,115404.81,0,1,0,0,1
CUST0589,41.0,9.0,78633.93,1.0,1,48328.13,1,1,0,1,0
CUST0590,44.0,2.0,0.0,2.0,0,110959.69,1,0,1,0,1
CUST0591,27.0,9.0,188589.18,3.0,0,121398.48,1,0,1,1,0
CUST0592,70.0,7.0,0.0,1.0,0,49415.78,1,0,1,0,1
CUST0593,19.0,1.0,0.0,2.0,1,48998.07,0,0,1,1,0
CUST0594,30.0,0.0,0.0,1.0,1,147863.74,1,1,0,0,1
CUST0595,48.0,10.0,0.0,2.0,0,26859.48,1,1,0,1,0
CUST0596,39.0,8.0,0.0,1.0,0,109539.13,1,0,1,1,0
CUST0597,32.0,1.0,0.0,1.0,1,40579.51,1,1,0,0,1
CUST0598,43.0,1.0,167083.6,2.0,1,93539.46,0,1,0,1,0
CUST0599,25.0,6.0,0.0,1.0,0,46552.08,1,1,0,1,0
CUST0600,22.0,6.0,0.0,1.0,1,141824.16,1,0,1,0,1
CUST0601,23.0,6.0,131177.87,2.0,0,140653.24,0,0,1,0,1
CUST0602,24.0,15.5,0.0,3.0,1,110133.57,0,1,0,1,0
CUST0604,24.0,2.0,22068.99,4.0,1,107856.98,0,1,0,1,0
CUST0605,65.0,4.0,111709.27,4.0,1,40316.88,0,0,1,0,1
CUST0606,49.0,2.0,111851.06,4.0,0,115093.23,0,1,0,0,1
CUST0607,62.0,2.0,177350.17,4.0,0,102603.87,0,1,0,1,0
CUST0608,52.0,10.0,63650.34,1.0,0,71769.61,1,1,0,1,0
CUST0609,62.0,7.0,166753.01,4.0,0,76069.22,1,1,0,0,1
CUST0610,40.0,6.0,50982.68,3.0,1,86832.41,0,1,0,0,1
CUST0611,37.0,6.0,0.0,3.0,1,20829.28,0,1,0,1,0
CUST0612,21.0,4.0,0.0,1.0,1,126655.49,0,1,0,0,1
CUST0613,18.0,4.0,0.0,3.0,0,121424.6,0,1,0,1,0
CUST0614,43.0,7.0,92470.51,1.0,0,45752.42,1,1,0,1,0
CUST0615,64.0,5.0,62136.07,3.0,0,40829.33,1,1,0,0,1
CUST0616,65.0,9.0,159645.0,1.0,1,64270.83,0,1,0,0,1
CUST0617,42.0,3.0,120887.44,2.0,0,23082.01,0,0,1,1,0
CUST0618,62.0,7.0,27956.45,2.0,1,140440.29,0,0,1,0,1
CUST0619,28.0,1.0,0.0,1.0,1,143078.28,0,0,1,1,0
CUST0620,60.0,10.0,0.0,4.0,1,90745.83,1,1,0,1,0
CUST0621,44.0,8.0,0.0,3.0,0,26574.5,1,0,1,0,1
CUST0622,60.0,15.5,0.0,4.0,0,31386.87,1,0,1,0,1
CUST0623,53.0,6.0,68153.4,1.0,0,47446.37,1,0,1,0,1
CUST0624,62.0,4.0,0.0,1.0,0,71294.4,1,0,1,1,0
CUST0625,36.0,10.0,0.0,3.0,1,91163.93,0,1,0,1,0
CUST0626,53.0,2.0,82282.66,2.0,1,24507.45,0,1,0,1,0
CUST0627,40.0,2.0,39493.63,2.0,1,135191.19,0,1,0,1,0
CUST0628,53.0,9.0,0.0,2.0,1,107409.9,0,0,1,0,1
CUST0629,26.0,4.0,0.0,4.0,1,89569.8,1,0,1,1,0
CUST0630,21.0,2.0,0.0,2.0,0,35246.42,1,1,0,1,0
CUST0631,48.0,3.0,0.0,3.0,0,80798.56,0,0,1,1,0
CUST0632,69.0,10.0,86069.8,4.0,1,214162.84749999997,0,1,0,1,0
CUST0633,70.0,8.0,0.0,1.0,0,22106.05,1,1,0,0,1
CUST0634,48.0,1.0,178092.76,4.0,0,47341.41,0,1,0,1,0
CUST0635,19.0,10.0,173246.91,3.0,0,147289.7,0,0,1,0,1
CUST0636,62.0,3.0,65541.55,3.0,1,98409.52,0,0,1,1,0
CUST0637,47.0,4.0,0.0,4.0,1,110006.06,0,1,0,1,0
CUST0638,30.0,8.0,149668.58,3.0,1,37026.59,0,0,1,1,0
CUST0639,37.0,2.0,0.0,4.0,1,82208.69,0,0,1,0,1
CUST0640,57.0,9.0,0.0,2.0,0,53616.91,1,1,0,0,1
CUST0641,19.0,1.0,134896.58,4.0,0,102343.53,0,0,1,0,1
CUST0642,19.0,5.0,0.0,3.0,0,29021.23,1,1,0,0,1
CUST0643,35.0,8.0,68850.76,2.0,1,38626.59,0,0,1,0,1
CUST0644,53.0,6.0,105568.59,1.0,1,122984.86,0,0,1,0,1
CUST0645,53.0,4.0,0.0,3.0,0,55354.09,1,1,0,0,1
CUST0646,21.0,5.0,127108.61,3.0,1,114741.15,0,1,0,1,0
CUST0647,62.0,7.0,0.0,2.0,0,32274.46,0,1,0,0,1
CUST0648,64.0,2.0,0.0,4.0,1,57472.71,0,1,0,1,0
CUST0649,60.0,1.0,0.0,1.0,0,39268.27,1,1,0,0,1
CUST0650,49.0,8.0,178986.47,3.0,0,91904.56,0,0,1,1,0
CUST0651,48.0,6.0,0.0,4.0,0,70686.97,1,0,1,1,0
CUST0652,61.0,7.0,0.0,3.0,1,72614.26,1,1,0,0,1
CUST0653,33.0,3.0,0.0,1.0,1,81939.97,1,1,0,1,0
CUST0654,19.0,4.0,0.0,4.0,0,102211.51,1,0,1,1,0
CUST0655,44.0,4.0,0.0,3.0,0,84994.67,0,0,1,0,1
CUST0656,62.0,9.0,57623.74,3.0,0,130494.71,1,1,0,1,0
CUST0657,69.0,8.0,192732.51,3.0,0,96123.28,1,1,0,0,1
CUST0658,37.0,8.0,0.0,3.0,0,90764.84,1,0,1,0,1
CUST0659,43.0,10.0,164193.43,2.0,0,109610.35,1,0,1,1,0
CUST0660,55.0,1.0,0.0,3.0,1,95806.93,0,0,1,0,1
CUST0661,24.0,7.0,0.0,4.0,1,92340.4,1,0,1,0,1
CUST0662,70.0,5.0,5165.89,4.0,0,119648.55,0,1,0,1,0
CUST0663,69.0,6.0,125995.79,1.0,1,59941.07,1,0,1,1,0
CUST0664,58.0,7.0,158212.95,4.0,0,64931.25,0,0,1,1,0
CUST0665,46.0,3.0,16267.84,2.0,1,84909.38,1,0,1,1,0
CUST0666,63.0,4.0,0.0,2.0,0,73927.34,1,1,0,0,1
CUST0667,64.0,5.0,88964.65,2.0,1,125784.03,0,0,1,0,1
CUST0668,39.0,1.0,0.0,2.0,0,98234.88,1,1,0,0,1
CUST0669,55.0,4.0,60174.94,1.0,1,24951.22,0,1,0,0,1
CUST0670,43.0,4.0,110920.86,2.0,0,95007.61,1,1,0,1,0
CUST0671,36.0,4.0,0.0,3.0,1,138042.41,0,1,0,1,0
CUST0672,46.0,3.0,0.0,3.0,0,30480.0,0,1,0,0,1
CUST0673,43.0,7.0,100995.68,2.0,0,122883.27,0,1,0,0,1
CUST0674,53.0,2.0,0.0,3.0,0,62002.96,0,0,1,1,0
CUST0675,43.0,6.0,144691.15,4.0,0,87116.83,1,0,1,0,1
CUST0676,54.0,9.0,179117.99,1.0,1,100331.1,1,0,1,0,1
CUST0677,38.0,7.0,0.0,2.0,0,99349.07,1,0,1,1,0
CUST0678,43.0,6.0,0.0,3.0,1,117776.73,0,1,0,0,1
CUST0679,61.0,10.0,0.0,2.0,0,85461.11,1,0,1,0,1
CUST0680,19.0,6.0,0.0,1.0,0,52161.97,1,0,1,1,0
CUST0681,56.0,3.0,0.0,2.0,1,27746.32,0,0,1,1,0
CUST0682,59.0,5.0,105156.87,3.0,1,30413.74,0,0,1,1,0
CUST0683,64.0,3.0,37707.35,1.0,0,26649.53,1,0,1,1,0
CUST0684,30.0,3.0,176829.38,3.0,1,81676.54,0,1,0,0,1
CUST0685,20.0,8.0,0.0,3.0,0,92523.58,0,0,1,0,1
CUST0686,24.0,7.0,0.0,2.0,0,83096.515,1,1,0,0,1
CUST0687,60.0,8.0,0.0,2.0,0,36502.77,1,1,0,0,1
CUST0688,65.0,9.0,0.0,3.0,0,114742.21,1,1,0,0,1
CUST0689,30.0,2.0,0.0,1.0,0,63049.04,1,1,0,0,1
CUST0690,26.0,8.0,130941.61,1.0,1,148510.2,1,0,1,0,1
CUST0691,43.0,8.0,110422.97,4.0,1,83753.11,1,0,1,1,0
CUST0692,37.0,6.0,123888.29,2.0,0,34607.38,1,1,0,0,1
CUST0693,29.0,2.0,0.0,3.0,0,62239.96,0,1,0,1,0
CUST0694,31.0,6.0,146318.42,1.0,0,116158.78,1,1,0,1,0
CUST0695,36.0,2.0,162283.18,4.0,0,68375.63,0,0,1,0,1
CUST0696,69.0,1.0,0.0,2.0,0,79753.8,0,0,1,1,0
CUST0697,40.0,6.0,12776.24,4.0,1,149230.62,1,1,0,1,0
CUST0698,39.0,5.0,0.0,1.0,0,66069.03,1,0,1,1,0
CUST0699,40.0,7.0,0.0,3.0,0,51694.25,1,1,0,0,1
CUST0700,56.0,7.0,63687.09,2.0,0,127574.84,1,0,1,0,1
CUST0701,24.0,2.0,0.0,2.0,0,116815.77,1,0,1,1,0
CUST0702,38.0,10.0,0.0,1.0,0,61249.71,1,0,1,1,0
CUST0703,45.0,1.0,139109.47,1.0,1,74016.83,0,1,0,0,1
CUST0704,55.0,6.0,5765.31,2.0,0,42673.2,1,0,1,0,1
CUST0705,41.0,3.0,0.0,4.0,1,87779.01,0,0,1,1,0
CUST0706,53.0,9.0,5490.34,2.0,1,135785.6,0,0,1,1,0
CUST0707,36.0,7.0,86505.0,2.0,0,94375.99,1,0,1,1,0
CUST0708,51.0,8.0,50124.55,1.0,0,96438.91,1,1,0,1,0
CUST0709,49.0,9.0,0.0,3.0,1,87350.07,1,1,0,0,1
CUST0710,41.0,4.0,0.0,3.0,0,132252.39,1,1,0,0,1
CUST0711,43.0,4.0,0.0,3.0,1,111911.99,0,0,1,1,0
CUST0712,32.0,2.0,0.0,1.0,1,115669.33,1,1,0,0,1
CUST0713,58.0,8.0,0.0,2.0,0,37891.87,1,1,0,0,1
CUST0714,54.0,10.0,171963.24,1.0,0,51078.63,1,1,0,0,1
CUST0715,69.0,7.0,63207.01,4.0,0,146952.93,0,1,0,1,0
CUST0716,40.0,10.0,0.0,3.0,0,145533.07,1,1,0,1,0
CUST0717,34.0,2.0,193076.72,3.0,1,114394.46,0,1,0,0,1
CUST0718,52.0,2.0,42109.62,4.0,0,71776.47,1,0,1,1,0
CUST0719,64.0,8.0,0.0,1.0,0,119475.2,1,0,1,0,1
CUST0720,36.0,6.0,128672.14,3.0,0,137422.25,1,1,0,1,0
CUST0721,68.0,8.0,17398.79,4.0,1,90970.06,0,1,0,1,0
CUST0722,24.0,10.0,0.0,2.0,1,142853.13,0,1,0,0,1
CUST0723,42.0,7.0,100615.28,3.0,0,35593.88,1,0,1,0,1
CUST0724,20.0,6.0,0.0,2.0,0,108744.84,1,0,1,0,1
CUST0725,25.0,3.0,189204.19,2.0,0,37119.3,0,0,1,1,0
CUST0726,25.0,8.0,0.0,3.0,1,59928.93,0,0,1,1,0
CUST0727,18.0,6.0,0.0,1.0,0,107963.8,1,1,0,1,0
CUST0728,53.0,5.0,0.0,1.0,1,127732.17,0,0,1,1,0
CUST0729,69.0,3.0,0.0,4.0,0,67187.77,0,0,1,1,0
CUST0730,41.0,4.0,23405.5,2.0,1,26135.57,0,1,0,0,1
CUST0731,32.0,2.0,5425.545,3.0,1,142467.57,0,1,0,1,0
CUST0732,41.0,8.0,79231.24,4.0,1,90753.45,0,1,0,0,1
CUST0733,32.0,9.0,35147.68,2.0,0,24324.84,1,0,1,1,0
CUST0734,42.0,6.0,0.0,2.0,0,78664.66,0,1,0,0,1
CUST0735,47.0,4.0,0.0,2.0,0,126632.93,0,1,0,1,0
CUST0736,66.0,1.0,0.0,2.0,0,105903.81,0,0,1,0,1
CUST0737,34.0,7.0,0.0,4.0,1,68933.95,0,1,0,0,1
CUST0738,26.0,5.0,172553.15,1.0,1,86687.32,0,1,0,1,0
CUST0739,51.0,7.0,0.0,2.0,1,113962.0,1,1,0,1,0
CUST0740,18.0,8.0,0.0,2.0,0,116723.72,1,1,0,1,0
CUST0741,59.0,9.0,150126.42,2.0,1,50242.76,0,1,0,0,1
CUST0742,41.0,8.0,125308.13,7.875,0,116081.88,0,0,1,0,1
CUST0743,59.0,1.0,0.0,2.0,1,121146.02,0,0,1,1,0
CUST0744,20.0,7.0,97163.18,3.0,1,52318.63,0,1,0,0,1
CUST0745,63.0,1.0,0.0,1.0,1,64925.35,1,1,0,1,0
CUST0746,29.0,10.0,0.0,2.0,1,127578.08,1,1,0,0,1
CUST0747,18.0,6.0,48991.88,4.0,0,44326.16,1,1,0,1,0
CUST0748,52.0,6.0,195521.76,1.0,0,89815.37,0,1,0,1,0
CUST0749,47.0,2.0,0.0,2.0,0,41357.29,0,0,1,0,1
CUST0750,39.0,3.0,0.0,1.0,1,138225.84,1,1,0,0,1
CUST0751,69.0,5.0,0.0,1.0,0,52104.95,0,0,1,1,0
CUST0752,61.0,6.0,3632.53,4.0,1,141523.42,0,1,0,1,0
CUST0753,40.0,7.0,0.0,4.0,1,69017.01,1,1,0,1,0
CUST0754,31.0,7.0,118852.06,2.0,0,78136.13,0,1,0,0,1
CUST0755,39.0,9.0,129461.34,3.0,1,31368.05,0,0,1,1,0
CUST0756,62.0,1.0,8922.48,1.0,0,143972.24,1,1,0,1,0
CUST0757,32.0,4.0,36639.89,3.0,0,38355.88,0,0,1,1,0
CUST0758,50.0,7.0,124428.03,2.0,1,119836.1,0,1,0,1,0
CUST0759,46.0,2.0,0.0,3.0,0,127372.32,0,1,0,1,0
CUST0760,60.0,7.0,0.0,2.0,1,140420.08,0,0,1,0,1
CUST0761,43.0,2.0,0.0,2.0,0,75379.68,0,0,1,0,1
CUST0762,64.0,10.0,113314.68,4.0,0,214162.84749999997,0,1,0,0,1
CUST0763,45.0,1.0,0.0,2.0,1,69169.19,0,1,0,0,1
CUST0764,30.0,9.0,137090.15,4.0,1,61093.17,1,1,0,1,0
CUST0765,54.0,5.0,0.0,4.0,1,58737.04,1,0,1,0,1
CUST0766,54.0,9.0,0.0,4.0,1,59998.28,0,0,1,0,1
CUST0767,70.0,2.0,275865.44375000003,2.0,0,91068.04,0,1,0,1,0
CUST0768,41.0,10.0,107377.28,2.0,1,139143.59,0,0,1,0,1
CUST0769,26.0,1.0,23866.36,2.0,1,95806.62,0,1,0,1,0
CUST0770,61.0,9.0,0.0,3.0,0,133441.37,1,1,0,0,1
CUST0771,43.0,9.0,138591.8,4.0,1,127820.07,1,1,0,1,0
CUST0772,50.0,10.0,111158.15,1.0,0,60584.94,1,0,1,0,1
CUST0773,66.0,7.0,166754.54,4.0,0,98179.93,1,0,1,0,1
CUST0774,53.0,8.0,169162.89,1.0,0,72243.92,1,0,1,1,0
CUST0775,25.0,7.0,72039.5,4.0,0,117418.03,1,0,1,0,1
CUST0776,43.0,7.0,0.0,1.0,0,33796.33,1,1,0,0,1
CUST0777,43.0,2.0,85993.9,1.0,1,88256.41,0,0,1,0,1
CUST0778,41.0,2.0,0.0,4.0,1,26991.66,1,1,0,0,1
CUST0779,40.0,7.0,78151.34,4.0,1,131405.37,0,0,1,0,1
CUST0780,29.0,8.0,154179.58,2.0,0,64413.34,0,0,1,0,1
CUST0781,23.0,4.0,24756.82,4.0,1,97650.61,0,0,1,1,0
CUST0782,24.0,3.0,0.0,1.0,0,120983.8,0,1,0,1,0
CUST0783,28.0,3.0,0.0,1.0,0,102592.04,1,0,1,1,0
CUST0784,34.0,10.0,0.0,1.0,1,131531.54,0,0,1,1,0
CUST0785,52.0,7.0,190670.9,2.0,1,88586.44,0,1,0,0,1
CUST0786,58.0,10.0,0.0,3.0,0,89221.22,1,1,0,0,1
CUST0787,21.0,10.0,34084.81,1.0,0,146076.45,1,1,0,0,1
CUST0788,19.0,1.0,144505.34,4.0,0,83337.56,1,1,0,1,0
CUST0789,29.0,9.0,82170.03,3.0,0,114641.59,0,1,0,0,1
CUST0790,65.0,8.0,155109.48,4.0,1,131280.14,0,1,0,1,0
CUST0791,39.0,5.0,28232.19,3.0,1,70418.46,0,0,1,0,1
CUST0792,43.0,6.0,0.0,4.0,1,130787.61,1,1,0,0,1
CUST0793,23.0,1.0,125080.32,4.0,1,107458.28,0,0,1,1,0
CUST0794,23.0,5.0,0.0,4.0,0,121790.03,0,1,0,1,0
CUST0795,69.0,10.0,39796.7,1.0,1,28053.05,1,0,1,0,1
CUST0796,28.0,7.0,8255.75,4.0,0,35336.42,1,0,1,0,1
CUST0797,57.0,1.0,168954.7,3.0,0,25189.93,0,0,1,1,0
CUST0798,67.0,6.0,131103.56,4.0,0,135025.03,1,1,0,0,1
CUST0799,40.0,4.0,198659.77,2.0,1,87161.59,0,1,0,0,1
CUST0800,42.0,4.0,169788.12,1.0,0,46190.31,1,1,0,0,1
CUST0801,33.0,1.0,20032.5,1.0,1,42348.63,0,1,0,1,0
CUST0802,43.0,6.0,0.0,3.0,0,92698.36,0,0,1,0,1
CUST0803,29.0,2.0,4189.6,2.0,0,98417.7,1,1,0,1,0
CUST0804,54.0,7.0,186580.78,4.0,0,95623.8,0,1,0,0,1
CUST0805,49.0,5.0,0.0,2.0,0,55301.56,1,1,0,0,1
CUST0806,32.0,10.0,0.0,4.0,1,58740.89,0,0,1,0,1
CUST0807,53.0,5.0,75226.97,3.0,1,142747.15,0,1,0,0,1
CUST0808,38.0,1.0,196946.24,1.0,0,46459.53,0,1,0,1,0
CUST0809,21.0,8.0,0.0,2.0,1,77957.32,0,1,0,1,0
CUST0810,65.0,1.0,18254.61,1.0,1,70436.46,0,1,0,0,1
CUST0811,22.0,2.0,0.0,3.0,0,107960.24,1,1,0,0,1
CUST0812,59.0,6.0,0.0,3.0,0,119491.12,0,1,0,0,1
CUST0813,27.0,9.0,0.0,1.0,0,51493.43,1,1,0,1,0
CUST0815,26.0,5.0,0.0,2.0,0,62408.67,0,0,1,1,0
CUST0816,21.0,9.0,27535.55,3.0,1,140160.24,1,1,0,0,1
CUST0817,51.0,10.0,74501.47,2.0,1,144012.88,0,0,1,1,0
CUST0818,63.0,10.0,135133.54,1.0,1,123435.83,1,1,0,0,1
CUST0819,26.0,4.0,101422.82,1.0,1,105974.55,1,0,1,0,1
CUST0820,48.0,8.0,0.0,2.0,1,80694.15,1,1,0,1,0
CUST0822,67.0,9.0,199365.03,1.0,0,23954.06,1,1,0,0,1
CUST0823,61.0,10.0,0.0,4.0,0,146339.89,1,1,0,1,0
CUST0824,32.0,1.0,0.0,3.0,0,45047.93,1,0,1,0,1
CUST0825,53.0,4.0,0.0,4.0,0,41604.05,1,1,0,1,0
CUST0826,51.0,2.0,69262.32,4.0,0,43291.31,0,0,1,0,1
CUST0827,27.0,10.0,142224.6,4.0,0,32570.29,0,0,1,1,0
CUST0828,56.0,5.0,0.0,1.0,0,22528.25,1,1,0,1,0
CUST0829,69.0,8.0,0.0,3.0,1,21366.72,0,0,1,0,1
CUST0830,50.0,1.0,197350.83,2.0,1,138152.5,0,1,0,1,0
CUST0831,44.0,5.0,189128.96,4.0,0,26565.96,0,0,1,0,1
CUST0832,42.0,5.0,29420.05,3.0,0,56271.08,1,1,0,0,1
CUST0833,18.0,3.0,0.0,1.0,0,114900.22,1,0,1,0,1
CUST0834,62.0,7.0,15792.59,1.0,0,81389.44,1,0,1,0,1
CUST0835,23.0,3.0,0.0,3.0,0,101278.1,0,1,0,1,0
CUST0836,24.0,6.0,33128.09,3.0,0,21845.56,1,0,1,0,1
CUST0837,53.0,3.0,0.0,2.0,1,89968.61,0,0,1,1,0
CUST0838,53.0,8.0,34663.22,1.0,1,84783.29,0,1,0,1,0
CUST0839,26.0,4.0,109213.63,1.0,1,148737.07,0,1,0,0,1
CUST0840,34.0,8.0,0.0,1.0,0,23762.76,1,1,0,1,0
CUST0842,38.0,1.0,150369.09,3.0,0,44103.15,1,0,1,1,0
CUST0843,39.0,2.0,169114.72,3.0,1,105065.04,0,1,0,0,1
CUST0844,35.0,8.0,117038.05,2.0,1,32018.44,0,1,0,1,0
CUST0845,26.0,9.0,0.0,3.0,1,52192.11,1,1,0,1,0
CUST0846,21.0,7.0,0.0,4.0,1,88392.22,0,1,0,0,1
CUST0847,40.0,4.0,0.0,4.0,1,38065.97,0,0,1,1,0
CUST0848,48.0,10.0,64825.98,2.0,1,146737.56,0,0,1,0,1
CUST0849,27.0,10.0,0.0,2.0,0,130493.04,1,0,1,1,0
CUST0850,56.0,7.0,2545.56,2.0,1,56174.8,1,1,0,1,0
CUST0851,32.0,6.0,168918.76,4.0,0,37391.16,0,0,1,1,0
CUST0852,20.0,1.0,124426.73,2.0,1,57664.64,0,0,1,0,1
CUST0853,23.0,3.0,82817.72,1.0,0,67668.25,1,1,0,1,0
CUST0854,21.0,8.0,0.0,4.0,0,28844.85,1,0,1,1,0
CUST0855,48.0,8.0,101679.23,1.0,1,129832.33,1,0,1,0,1
CUST0856,34.0,4.0,0.0,1.0,1,21277.58,0,1,0,1,0
CUST0857,69.0,10.0,0.0,3.0,0,126092.01,0,0,1,1,0
CUST0858,22.0,4.0,0.0,1.0,0,93967.82,1,1,0,1,0
CUST0860,43.0,7.0,35657.18,2.0,1,77801.6,1,0,1,0,1
CUST0861,62.0,7.0,59992.53,1.0,1,104821.87,1,1,0,1,0
CUST0862,33.0,9.0,0.0,1.0,0,41261.99,1,0,1,1,0
CUST0863,63.0,6.0,61058.21,2.0,0,77024.37,1,1,0,0,1
CUST0864,25.0,5.0,0.0,2.0,0,52734.88,0,1,0,0,1
CUST0865,70.0,5.0,0.0,4.0,0,37344.12,0,1,0,0,1
CUST0867,58.0,5.0,0.0,3.0,1,101387.11,1,0,1,1,0
CUST0868,62.0,10.0,52238.36,3.0,0,70057.55,0,0,1,1,0
CUST0869,51.0,5.0,167159.78,4.0,0,115669.65,1,1,0,1,0
CUST0870,68.0,7.0,275865.44375000003,4.0,0,140987.39,1,0,1,0,1
CUST0871,28.0,1.0,0.0,2.0,1,28485.98,0,0,1,0,1
CUST0872,35.0,1.0,0.0,3.0,0,119823.93,0,0,1,0,1
CUST0873,37.0,3.0,43320.19,2.0,1,97050.49,0,0,1,0,1
CUST0874,26.0,2.0,93260.79,1.0,1,55772.11,0,1,0,1,0
CUST0875,38.0,1.0,68307.96,1.0,1,106035.39,0,0,1,1,0
CUST0876,38.0,10.0,143349.14,2.0,0,36282.66,0,1,0,0,1
CUST0877,18.0,5.0,0.0,3.0,1,147798.41,0,0,1,1,0
CUST0878,19.0,6.0,147628.46,2.0,0,37839.53,0,0,1,0,1
CUST0879,25.0,8.0,0.0,4.0,0,53053.69,1,1,0,0,1
CUST0880,38.0,8.0,10704.5,2.0,1,64511.37,0,1,0,1,0
CUST0881,32.0,10.0,150870.65,4.0,1,44627.65,0,1,0,0,1
CUST0882,24.0,7.0,0.0,4.0,1,34233.83,1,1,0,0,1
CUST0883,70.0,1.0,0.0,3.0,1,145652.66,0,0,1,1,0
CUST0884,66.0,8.0,0.0,2.0,1,65822.54,1,1,0,1,0
CUST0885,63.0,2.0,0.0,3.0,0,101685.13,1,1,0,1,0
CUST0886,20.0,6.0,116172.54,1.0,1,111426.04,0,0,1,0,1
CUST0887,29.0,6.0,0.0,4.0,1,103258.15,1,0,1,0,1
CUST0888,18.0,5.0,7651.29,1.0,0,112588.63,1,1,0,1,0
CUST0889,39.0,10.0,97231.34,3.0,0,146891.18,1,1,0,0,1
CUST0890,57.0,1.0,0.0,4.0,0,65601.09,0,1,0,1,0
CUST0891,43.0,3.0,0.0,3.0,1,20302.04,0,1,0,1,0
CUST0892,58.0,10.0,0.0,3.0,0,53665.01,0,1,0,1,0
CUST0893,50.0,5.0,189512.7,1.0,0,49001.22,1,1,0,1,0
CUST0894,70.0,4.0,0.0,1.0,1,29234.86,0,1,0,0,1
CUST0895,53.0,9.0,115341.86,0.0,0,33938.91,1,0,1,1,0
CUST0896,41.0,4.0,168163.75,4.0,1,50790.43,0,1,0,0,1
CUST0897,33.0,9.0,73813.96,1.0,1,27110.11,1,1,0,0,1
CUST0898,46.0,6.0,0.0,4.0,0,38276.95,1,0,1,0,1
CUST0899,66.0,5.0,37501.31,2.0,0,109134.73,1,0,1,0,1
CUST0900,64.0,3.0,0.0,1.0,0,138325.5,1,1,0,1,0
CUST0901,29.0,7.0,44331.99,3.0,0,32784.84,1,1,0,1,0
CUST0902,60.0,1.0,190614.04,1.0,0,81629.91,0,1,0,1,0
CUST0903,46.0,2.0,0.0,2.0,1,23655.8,0,1,0,0,1
CUST0904,35.0,2.0,30073.22,3.0,0,104796.54,1,0,1,0,1
CUST0905,59.0,6.0,4365.65,2.0,1,126558.01,0,1,0,1,0
CUST0906,55.0,4.0,0.0,4.0,0,30915.13,0,1,0,0,1
CUST0907,22.0,6.0,0.0,1.0,1,115465.5,1,0,1,0,1
CUST0908,67.0,3.0,0.0,2.0,1,71926.2,0,0,1,1,0
CUST0909,21.0,9.0,0.0,4.0,0,27065.25,1,1,0,1,0
CUST0910,58.0,2.0,0.0,2.0,0,28213.8,0,1,0,1,0
CUST0911,60.0,9.0,150816.65,3.0,1,95690.87,0,0,1,1,0
CUST0912,20.0,10.0,127351.02,1.0,0,70738.42,0,1,0,0,1
CUST0913,29.0,1.0,0.0,3.0,1,40074.05,0,0,1,0,1
CUST0914,69.0,6.0,56151.73,2.0,0,42458.38,0,0,1,1,0
CUST0915,51.0,9.0,0.0,4.0,0,106364.12,1,1,0,0,1
CUST0916,25.0,3.0,2715.18,4.0,0,79201.34,1,0,1,0,1
CUST0917,59.0,7.0,0.0,3.0,0,54994.67,0,0,1,1,0
CUST0918,24.0,10.0,36398.93,1.0,1,29010.01,1,0,1,0,1
CUST0919,22.0,6.0,148047.16,1.0,0,26877.97,1,1,0,1,0
CUST0920,70.0,10.0,0.0,1.0,1,83165.13,1,1,0,0,1
CUST0921,66.0,6.0,160362.8,2.0,1,96210.61,0,0,1,0,1
CUST0922,27.0,1.0,0.0,2.0,1,63602.89,0,1,0,0,1
CUST0923,56.0,3.0,0.0,3.0,0,39426.71,0,0,1,0,1
CUST0924,38.0,9.0,0.0,3.0,0,80879.08,0,0,1,1,0
CUST0925,51.0,3.0,0.0,2.0,0,23669.74,0,1,0,1,0
CUST0926,65.0,1.0,143264.79,3.0,1,145087.68,0,1,0,1,0
CUST0927,47.0,4.0,0.0,4.0,0,136020.98,1,1,0,1,0
CUST0928,19.0,5.0,50409.21,4.0,1,115239.65,0,0,1,1,0
CUST0929,63.0,3.0,0.0,4.0,1,140258.39,0,0,1,1,0
CUST0930,66.0,3.0,0.0,2.0,0,127307.19,1,0,1,0,1
CUST0931,20.0,10.0,0.0,4.0,0,100931.11,1,1,0,1,0
CUST0932,26.0,6.0,0.0,1.0,0,143129.88,1,1,0,1,0
CUST0933,61.0,4.0,0.0,3.0,1,64391.02,0,0,1,1,0
CUST0934,56.0,2.0,40981.36,3.0,0,57589.54,0,1,0,0,1
CUST0935,52.0,1.0,0.0,1.0,1,71955.54,0,1,0,1,0
CUST0936,48.0,7.0,52297.92,1.0,0,26436.64,1,1,0,1,0
CUST0937,22.0,4.0,0.0,4.0,0,29387.71,0,1,0,1,0
CUST0938,19.0,9.0,153264.62,1.0,0,104273.4,1,0,1,1,0
CUST0939,30.0,3.0,0.0,1.0,0,87387.51,1,1,0,1,0
CUST0940,39.0,7.0,0.0,2.0,1,147263.16,0,0,1,1,0
CUST0941,41.0,8.0,150941.65,4.0,1,91012.19,1,0,1,0,1
CUST0942,29.0,10.0,171374.57,4.0,1,54150.41,0,0,1,0,1
CUST0943,26.0,8.0,144279.36,2.0,1,66288.75,0,1,0,1,0
CUST0944,53.0,1.0,128201.16,4.0,1,133578.14,0,1,0,1,0
CUST0945,24.0,4.0,119121.48,3.0,0,40911.84,0,0,1,0,1
CUST0946,40.0,5.0,0.0,0.0,0,141701.2,1,1,0,1,0
CUST0947,34.0,10.0,107602.11,7.875,0,84087.75,1,0,1,1,0
CUST0948,40.0,1.0,166556.37,1.0,1,83950.64,0,1,0,1,0
CUST0949,44.0,6.0,0.0,2.0,0,33886.73,1,0,1,0,1
CUST0950,38.0,10.0,34937.07,3.0,1,109645.8,0,1,0,1,0
CUST0951,33.0,8.0,0.0,1.0,1,62738.82,1,1,0,1,0
CUST0952,49.0,9.0,0.0,4.0,1,29960.91,0,1,0,1,0
CUST0953,55.0,3.0,0.0,1.0,0,142889.92,0,1,0,1,0
CUST0954,64.0,10.0,163841.8,2.0,1,126719.5,0,1,0,1,0
CUST0955,43.0,10.0,54237.88,4.0,1,36063.64,1,0,1,0,1
CUST0956,44.0,9.0,64985.07,2.0,1,138910.29,0,0,1,0,1
CUST0957,52.0,8.0,53744.41,2.0,1,34773.99,1,1,0,1,0
CUST0958,28.0,1.0,157557.88,2.0,0,39664.36,1,0,1,1,0
CUST0959,54.0,5.0,151505.71,3.0,1,22343.77,0,1,0,0,1
CUST0960,21.0,6.0,0.0,3.0,0,80628.7,1,0,1,0,1
CUST0961,25.0,5.0,151551.29,2.0,1,72471.37,0,0,1,0,1
CUST0962,28.0,3.0,11014.26,4.0,0,24221.2,0,1,0,0,1
CUST0963,60.0,3.0,0.0,4.0,0,22060.74,0,1,0,0,1
CUST0964,22.0,4.0,13273.24,1.0,0,93647.36,1,1,0,1,0
CUST0965,35.0,1.0,0.0,4.0,0,40740.19,0,0,1,1,0
CUST0966,31.0,3.0,176599.43,1.0,1,113997.43,0,0,1,0,1
CUST0967,49.0,7.0,22918.31,4.0,0,22040.47,1,0,1,0,1
CUST0968,41.0,6.0,52109.18,1.0,1,45871.47,0,0,1,0,1
CUST0969,32.0,6.0,0.0,2.0,1,47209.79,1,1,0,0,1
CUST0970,24.0,7.0,0.0,2.0,0,119746.29,0,1,0,1,0
CUST0971,35.0,2.0,158000.08,2.0,0,110026.82,1,0,1,0,1
CUST0972,53.0,5.0,21862.31,2.0,0,93546.46,1,0,1,0,1
CUST0973,54.0,2.0,72959.86,4.0,1,69306.84,0,0,1,1,0
CUST0974,70.0,2.0,191224.73,2.0,1,85413.29,0,0,1,0,1
CUST0975,22.0,3.0,0.0,2.0,1,40690.68,0,1,0,0,1
CUST0976,57.0,3.0,0.0,1.0,1,48739.3,0,1,0,1,0
CUST0977,26.0,3.0,121736.52,1.0,0,113614.47,1,1,0,0,1
CUST0978,36.0,7.0,35621.5,3.0,1,72042.88,0,1,0,0,1
CUST0979,45.0,5.0,134949.16,1.0,1,81488.78,0,0,1,0,1
CUST0980,54.0,9.0,92945.83,2.0,1,132262.38,0,1,0,0,1
CUST0981,61.0,2.0,185746.14,1.0,1,96812.61,0,0,1,1,0
CUST0982,54.0,6.0,0.0,2.0,0,127492.82,1,1,0,0,1
CUST0983,44.0,1.0,0.0,2.0,1,132804.01,0,1,0,0,1
CUST0984,59.0,2.0,0.0,3.0,0,113323.18,0,1,0,0,1
CUST0985,67.0,9.0,59465.1,3.0,1,68324.51,1,0,1,0,1
CUST0986,65.0,8.0,0.0,1.0,1,93528.46,1,1,0,0,1
CUST0987,45.0,8.0,0.0,4.0,0,135523.47,1,0,1,1,0
CUST0988,33.0,9.0,0.0,1.0,0,60893.34,1,1,0,1,0
CUST0989,23.0,8.0,0.0,1.0,0,75418.7,1,1,0,0,1
CUST0990,26.0,1.0,0.0,4.0,0,50873.19,0,0,1,0,1
CUST0991,53.0,7.0,84880.73,3.0,1,73876.43,0,1,0,0,1
CUST0992,47.0,8.0,21938.69,3.0,0,124749.31,0,0,1,0,1
CUST0993,24.0,6.0,83412.17,1.0,0,149913.72,1,1,0,0,1
CUST0994,24.0,7.0,155398.59,4.0,1,144152.98,0,1,0,0,1
CUST0995,30.0,7.0,0.0,4.0,0,90407.6,1,0,1,0,1
CUST0996,67.0,8.0,101240.17,2.0,0,63987.82,0,1,0,0,1
CUST0997,65.0,9.0,0.0,1.0,0,145822.39,1,1,0,1,0
CUST0998,22.0,9.0,0.0,3.0,1,86086.21,0,0,1,1,0
CUST0999,56.0,5.0,166805.14,2.0,0,114544.9,0,0,1,0,1
CUST1000,34.0,10.0,89147.25,2.0,1,77673.95,0,1,0,1,0
CUST0466,46.0,3.0,0.0,1.0,0,75847.47,1,1,0,0,1
CUST0211,53.0,2.0,119946.99,2.0,1,148977.33,0,0,1,1,0
CUST0629,26.0,4.0,0.0,4.0,1,89569.8,1,0,1,1,0
CUST0704,55.0,6.0,5765.31,2.0,0,42673.2,1,0,1,0,1
CUST0205,58.0,10.0,88282.84,2.0,0,104538.24,1,0,1,0,1
CUST0075,64.0,5.0,0.0,3.0,0,52888.72,0,0,1,0,1
CUST0283,48.0,8.0,0.0,1.0,0,46739.34,1,0,1,0,1
CUST0426,39.0,4.0,0.0,1.0,1,98427.93,0,0,1,1,0
CUST0570,34.0,7.0,187099.25,1.0,1,81839.42,0,1,0,0,1
CUST0152,57.0,3.0,0.0,3.0,1,37550.17,0,0,1,0,1
